<?xml version="1.0" encoding="UTF-8"?>
<GenRun Id="impl_1" LaunchPart="xc7a100tcsg324-1" LaunchTime="1679060044">
  <File Type="OPT-HWDEF" Name="improved_16_to_4_priority_encoder.hwdef"/>
  <File Type="ROUTE-BUS-SKEW" Name="improved_16_to_4_priority_encoder_bus_skew_routed.rpt"/>
  <File Type="PA-DCP" Name="improved_16_to_4_priority_encoder.dcp"/>
  <File Type="BITSTR-BMM" Name="improved_16_to_4_priority_encoder_bd.bmm"/>
  <File Type="OPT-METHODOLOGY-DRC" Name="improved_16_to_4_priority_encoder_methodology_drc_opted.rpt"/>
  <File Type="INIT-TIMING" Name="improved_16_to_4_priority_encoder_timing_summary_init.rpt"/>
  <File Type="ROUTE-PWR" Name="improved_16_to_4_priority_encoder_power_routed.rpt"/>
  <File Type="PA-TCL" Name="improved_16_to_4_priority_encoder.tcl"/>
  <File Type="OPT-TIMING" Name="improved_16_to_4_priority_encoder_timing_summary_opted.rpt"/>
  <File Type="OPT-DCP" Name="improved_16_to_4_priority_encoder_opt.dcp"/>
  <File Type="ROUTE-PWR-SUM" Name="improved_16_to_4_priority_encoder_power_summary_routed.pb"/>
  <File Type="REPORTS-TCL" Name="improved_16_to_4_priority_encoder_reports.tcl"/>
  <File Type="OPT-DRC" Name="improved_16_to_4_priority_encoder_drc_opted.rpt"/>
  <File Type="PWROPT-DCP" Name="improved_16_to_4_priority_encoder_pwropt.dcp"/>
  <File Type="PWROPT-DRC" Name="improved_16_to_4_priority_encoder_drc_pwropted.rpt"/>
  <File Type="PWROPT-TIMING" Name="improved_16_to_4_priority_encoder_timing_summary_pwropted.rpt"/>
  <File Type="PLACE-DCP" Name="improved_16_to_4_priority_encoder_placed.dcp"/>
  <File Type="PLACE-IO" Name="improved_16_to_4_priority_encoder_io_placed.rpt"/>
  <File Type="PLACE-CLK" Name="improved_16_to_4_priority_encoder_clock_utilization_placed.rpt"/>
  <File Type="PLACE-UTIL" Name="improved_16_to_4_priority_encoder_utilization_placed.rpt"/>
  <File Type="PLACE-UTIL-PB" Name="improved_16_to_4_priority_encoder_utilization_placed.pb"/>
  <File Type="PLACE-CTRL" Name="improved_16_to_4_priority_encoder_control_sets_placed.rpt"/>
  <File Type="PLACE-SIMILARITY" Name="improved_16_to_4_priority_encoder_incremental_reuse_placed.rpt"/>
  <File Type="PLACE-PRE-SIMILARITY" Name="improved_16_to_4_priority_encoder_incremental_reuse_pre_placed.rpt"/>
  <File Type="PLACE-TIMING" Name="improved_16_to_4_priority_encoder_timing_summary_placed.rpt"/>
  <File Type="POSTPLACE-PWROPT-DCP" Name="improved_16_to_4_priority_encoder_postplace_pwropt.dcp"/>
  <File Type="BG-BIN" Name="improved_16_to_4_priority_encoder.bin"/>
  <File Type="POSTPLACE-PWROPT-TIMING" Name="improved_16_to_4_priority_encoder_timing_summary_postplace_pwropted.rpt"/>
  <File Type="PHYSOPT-DCP" Name="improved_16_to_4_priority_encoder_physopt.dcp"/>
  <File Type="PHYSOPT-DRC" Name="improved_16_to_4_priority_encoder_drc_physopted.rpt"/>
  <File Type="BITSTR-MSK" Name="improved_16_to_4_priority_encoder.msk"/>
  <File Type="PHYSOPT-TIMING" Name="improved_16_to_4_priority_encoder_timing_summary_physopted.rpt"/>
  <File Type="ROUTE-ERROR-DCP" Name="improved_16_to_4_priority_encoder_routed_error.dcp"/>
  <File Type="ROUTE-DCP" Name="improved_16_to_4_priority_encoder_routed.dcp"/>
  <File Type="ROUTE-BLACKBOX-DCP" Name="improved_16_to_4_priority_encoder_routed_bb.dcp"/>
  <File Type="ROUTE-DRC" Name="improved_16_to_4_priority_encoder_drc_routed.rpt"/>
  <File Type="ROUTE-DRC-PB" Name="improved_16_to_4_priority_encoder_drc_routed.pb"/>
  <File Type="ROUTE-DRC-RPX" Name="improved_16_to_4_priority_encoder_drc_routed.rpx"/>
  <File Type="BITSTR-MMI" Name="improved_16_to_4_priority_encoder.mmi"/>
  <File Type="ROUTE-METHODOLOGY-DRC" Name="improved_16_to_4_priority_encoder_methodology_drc_routed.rpt"/>
  <File Type="ROUTE-METHODOLOGY-DRC-RPX" Name="improved_16_to_4_priority_encoder_methodology_drc_routed.rpx"/>
  <File Type="ROUTE-METHODOLOGY-DRC-PB" Name="improved_16_to_4_priority_encoder_methodology_drc_routed.pb"/>
  <File Type="ROUTE-PWR-RPX" Name="improved_16_to_4_priority_encoder_power_routed.rpx"/>
  <File Type="ROUTE-STATUS" Name="improved_16_to_4_priority_encoder_route_status.rpt"/>
  <File Type="ROUTE-STATUS-PB" Name="improved_16_to_4_priority_encoder_route_status.pb"/>
  <File Type="ROUTE-TIMINGSUMMARY" Name="improved_16_to_4_priority_encoder_timing_summary_routed.rpt"/>
  <File Type="ROUTE-TIMING-PB" Name="improved_16_to_4_priority_encoder_timing_summary_routed.pb"/>
  <File Type="ROUTE-TIMING-RPX" Name="improved_16_to_4_priority_encoder_timing_summary_routed.rpx"/>
  <File Type="ROUTE-SIMILARITY" Name="improved_16_to_4_priority_encoder_incremental_reuse_routed.rpt"/>
  <File Type="ROUTE-CLK" Name="improved_16_to_4_priority_encoder_clock_utilization_routed.rpt"/>
  <File Type="ROUTE-BUS-SKEW-PB" Name="improved_16_to_4_priority_encoder_bus_skew_routed.pb"/>
  <File Type="ROUTE-BUS-SKEW-RPX" Name="improved_16_to_4_priority_encoder_bus_skew_routed.rpx"/>
  <File Type="POSTROUTE-PHYSOPT-DCP" Name="improved_16_to_4_priority_encoder_postroute_physopt.dcp"/>
  <File Type="POSTROUTE-PHYSOPT-BLACKBOX-DCP" Name="improved_16_to_4_priority_encoder_postroute_physopt_bb.dcp"/>
  <File Type="POSTROUTE-PHYSOPT-TIMING" Name="improved_16_to_4_priority_encoder_timing_summary_postroute_physopted.rpt"/>
  <File Type="POSTROUTE-PHYSOPT-TIMING-PB" Name="improved_16_to_4_priority_encoder_timing_summary_postroute_physopted.pb"/>
  <File Type="POSTROUTE-PHYSOPT-TIMING-RPX" Name="improved_16_to_4_priority_encoder_timing_summary_postroute_physopted.rpx"/>
  <File Type="POSTROUTE-PHYSOPT-BUS-SKEW" Name="improved_16_to_4_priority_encoder_bus_skew_postroute_physopted.rpt"/>
  <File Type="POSTROUTE-PHYSOPT-BUS-SKEW-PB" Name="improved_16_to_4_priority_encoder_bus_skew_postroute_physopted.pb"/>
  <File Type="BG-BIT" Name="improved_16_to_4_priority_encoder.bit"/>
  <File Type="POSTROUTE-PHYSOPT-BUS-SKEW-RPX" Name="improved_16_to_4_priority_encoder_bus_skew_postroute_physopted.rpx"/>
  <File Type="BITSTR-RBT" Name="improved_16_to_4_priority_encoder.rbt"/>
  <File Type="BITSTR-NKY" Name="improved_16_to_4_priority_encoder.nky"/>
  <File Type="PDI-FILE" Name="improved_16_to_4_priority_encoder.pdi"/>
  <File Type="RCFI_FILE" Name="improved_16_to_4_priority_encoder.rcfi"/>
  <File Type="CFI_FILE" Name="improved_16_to_4_priority_encoder.cfi"/>
  <File Type="RNPI_FILE" Name="improved_16_to_4_priority_encoder.rnpi"/>
  <File Type="NPI_FILE" Name="improved_16_to_4_priority_encoder.npi"/>
  <File Type="RBD_FILE" Name="improved_16_to_4_priority_encoder.rbd"/>
  <File Type="BITSTR-LTX" Name="debug_nets.ltx"/>
  <File Type="BITSTR-LTX" Name="improved_16_to_4_priority_encoder.ltx"/>
  <File Type="BITSTR-SYSDEF" Name="improved_16_to_4_priority_encoder.sysdef"/>
  <File Type="BG-BGN" Name="improved_16_to_4_priority_encoder.bgn"/>
  <File Type="BG-DRC" Name="improved_16_to_4_priority_encoder.drc"/>
  <File Type="RDI-RDI" Name="improved_16_to_4_priority_encoder.vdi"/>
  <File Type="WBT-USG" Name="usage_statistics_webtalk.html"/>
  <FileSet Name="sources" Type="DesignSrcs" RelSrcDir="$PSRCDIR/sources_1" RelGenDir="$PGENDIR/sources_1">
    <Filter Type="Srcs"/>
    <File Path="$PSRCDIR/sources_1/new/OR2.vhd">
      <FileInfo>
        <Attr Name="UsedIn" Val="synthesis"/>
        <Attr Name="UsedIn" Val="simulation"/>
      </FileInfo>
    </File>
    <File Path="$PSRCDIR/sources_1/new/choice.vhd">
      <FileInfo>
        <Attr Name="UsedIn" Val="synthesis"/>
        <Attr Name="UsedIn" Val="simulation"/>
      </FileInfo>
    </File>
    <File Path="$PSRCDIR/sources_1/new/pr_encoder.vhd">
      <FileInfo>
        <Attr Name="UsedIn" Val="synthesis"/>
        <Attr Name="UsedIn" Val="simulation"/>
      </FileInfo>
    </File>
    <File Path="$PSRCDIR/sources_1/new/improved_16_to_4_priority_encoder.vhd">
      <FileInfo>
        <Attr Name="UsedIn" Val="synthesis"/>
        <Attr Name="UsedIn" Val="simulation"/>
      </FileInfo>
    </File>
    <Config>
      <Option Name="DesignMode" Val="RTL"/>
      <Option Name="TopModule" Val="improved_16_to_4_priority_encoder"/>
      <Option Name="TopAutoSet" Val="TRUE"/>
    </Config>
  </FileSet>
  <FileSet Name="constrs_in" Type="Constrs" RelSrcDir="$PSRCDIR/constrs_1">
    <Filter Type="Constrs"/>
    <Config>
      <Option Name="ConstrsType" Val="XDC"/>
    </Config>
  </FileSet>
  <FileSet Name="utils" Type="Utils" RelSrcDir="$PSRCDIR/utils_1">
    <Filter Type="Utils"/>
    <Config>
      <Option Name="TopAutoSet" Val="TRUE"/>
    </Config>
  </FileSet>
  <Strategy Version="1" Minor="2">
    <StratHandle Name="Vivado Implementation Defaults" Flow="Vivado Implementation 2020">
      <Desc>Default settings for Implementation.</Desc>
    </StratHandle>
    <Step Id="init_design"/>
    <Step Id="opt_design"/>
    <Step Id="power_opt_design"/>
    <Step Id="place_design"/>
    <Step Id="post_place_power_opt_design"/>
    <Step Id="phys_opt_design"/>
    <Step Id="route_design"/>
    <Step Id="post_route_phys_opt_design"/>
    <Step Id="write_bitstream"/>
  </Strategy>
</GenRun>
