<?xml version="1.0" encoding="UTF-8"?>
<GenRun Id="impl_1" LaunchPart="xc7a100tcsg324-1" LaunchTime="1679072262">
  <File Type="OPT-HWDEF" Name="prencoder_16to4.hwdef"/>
  <File Type="ROUTE-BUS-SKEW" Name="prencoder_16to4_bus_skew_routed.rpt"/>
  <File Type="PA-DCP" Name="prencoder_16to4.dcp"/>
  <File Type="BITSTR-BMM" Name="prencoder_16to4_bd.bmm"/>
  <File Type="OPT-METHODOLOGY-DRC" Name="prencoder_16to4_methodology_drc_opted.rpt"/>
  <File Type="INIT-TIMING" Name="prencoder_16to4_timing_summary_init.rpt"/>
  <File Type="ROUTE-PWR" Name="prencoder_16to4_power_routed.rpt"/>
  <File Type="PA-TCL" Name="prencoder_16to4.tcl"/>
  <File Type="OPT-TIMING" Name="prencoder_16to4_timing_summary_opted.rpt"/>
  <File Type="OPT-DCP" Name="prencoder_16to4_opt.dcp"/>
  <File Type="ROUTE-PWR-SUM" Name="prencoder_16to4_power_summary_routed.pb"/>
  <File Type="REPORTS-TCL" Name="prencoder_16to4_reports.tcl"/>
  <File Type="OPT-DRC" Name="prencoder_16to4_drc_opted.rpt"/>
  <File Type="PWROPT-DCP" Name="prencoder_16to4_pwropt.dcp"/>
  <File Type="PWROPT-DRC" Name="prencoder_16to4_drc_pwropted.rpt"/>
  <File Type="PWROPT-TIMING" Name="prencoder_16to4_timing_summary_pwropted.rpt"/>
  <File Type="PLACE-DCP" Name="prencoder_16to4_placed.dcp"/>
  <File Type="PLACE-IO" Name="prencoder_16to4_io_placed.rpt"/>
  <File Type="PLACE-CLK" Name="prencoder_16to4_clock_utilization_placed.rpt"/>
  <File Type="PLACE-UTIL" Name="prencoder_16to4_utilization_placed.rpt"/>
  <File Type="PLACE-UTIL-PB" Name="prencoder_16to4_utilization_placed.pb"/>
  <File Type="PLACE-CTRL" Name="prencoder_16to4_control_sets_placed.rpt"/>
  <File Type="PLACE-SIMILARITY" Name="prencoder_16to4_incremental_reuse_placed.rpt"/>
  <File Type="PLACE-PRE-SIMILARITY" Name="prencoder_16to4_incremental_reuse_pre_placed.rpt"/>
  <File Type="PLACE-TIMING" Name="prencoder_16to4_timing_summary_placed.rpt"/>
  <File Type="POSTPLACE-PWROPT-DCP" Name="prencoder_16to4_postplace_pwropt.dcp"/>
  <File Type="BG-BIN" Name="prencoder_16to4.bin"/>
  <File Type="POSTPLACE-PWROPT-TIMING" Name="prencoder_16to4_timing_summary_postplace_pwropted.rpt"/>
  <File Type="PHYSOPT-DCP" Name="prencoder_16to4_physopt.dcp"/>
  <File Type="PHYSOPT-DRC" Name="prencoder_16to4_drc_physopted.rpt"/>
  <File Type="BITSTR-MSK" Name="prencoder_16to4.msk"/>
  <File Type="PHYSOPT-TIMING" Name="prencoder_16to4_timing_summary_physopted.rpt"/>
  <File Type="ROUTE-ERROR-DCP" Name="prencoder_16to4_routed_error.dcp"/>
  <File Type="ROUTE-DCP" Name="prencoder_16to4_routed.dcp"/>
  <File Type="ROUTE-BLACKBOX-DCP" Name="prencoder_16to4_routed_bb.dcp"/>
  <File Type="ROUTE-DRC" Name="prencoder_16to4_drc_routed.rpt"/>
  <File Type="ROUTE-DRC-PB" Name="prencoder_16to4_drc_routed.pb"/>
  <File Type="ROUTE-DRC-RPX" Name="prencoder_16to4_drc_routed.rpx"/>
  <File Type="BITSTR-MMI" Name="prencoder_16to4.mmi"/>
  <File Type="ROUTE-METHODOLOGY-DRC" Name="prencoder_16to4_methodology_drc_routed.rpt"/>
  <File Type="ROUTE-METHODOLOGY-DRC-RPX" Name="prencoder_16to4_methodology_drc_routed.rpx"/>
  <File Type="ROUTE-METHODOLOGY-DRC-PB" Name="prencoder_16to4_methodology_drc_routed.pb"/>
  <File Type="ROUTE-PWR-RPX" Name="prencoder_16to4_power_routed.rpx"/>
  <File Type="ROUTE-STATUS" Name="prencoder_16to4_route_status.rpt"/>
  <File Type="ROUTE-STATUS-PB" Name="prencoder_16to4_route_status.pb"/>
  <File Type="ROUTE-TIMINGSUMMARY" Name="prencoder_16to4_timing_summary_routed.rpt"/>
  <File Type="ROUTE-TIMING-PB" Name="prencoder_16to4_timing_summary_routed.pb"/>
  <File Type="ROUTE-TIMING-RPX" Name="prencoder_16to4_timing_summary_routed.rpx"/>
  <File Type="ROUTE-SIMILARITY" Name="prencoder_16to4_incremental_reuse_routed.rpt"/>
  <File Type="ROUTE-CLK" Name="prencoder_16to4_clock_utilization_routed.rpt"/>
  <File Type="ROUTE-BUS-SKEW-PB" Name="prencoder_16to4_bus_skew_routed.pb"/>
  <File Type="ROUTE-BUS-SKEW-RPX" Name="prencoder_16to4_bus_skew_routed.rpx"/>
  <File Type="POSTROUTE-PHYSOPT-DCP" Name="prencoder_16to4_postroute_physopt.dcp"/>
  <File Type="POSTROUTE-PHYSOPT-BLACKBOX-DCP" Name="prencoder_16to4_postroute_physopt_bb.dcp"/>
  <File Type="POSTROUTE-PHYSOPT-TIMING" Name="prencoder_16to4_timing_summary_postroute_physopted.rpt"/>
  <File Type="POSTROUTE-PHYSOPT-TIMING-PB" Name="prencoder_16to4_timing_summary_postroute_physopted.pb"/>
  <File Type="POSTROUTE-PHYSOPT-TIMING-RPX" Name="prencoder_16to4_timing_summary_postroute_physopted.rpx"/>
  <File Type="POSTROUTE-PHYSOPT-BUS-SKEW" Name="prencoder_16to4_bus_skew_postroute_physopted.rpt"/>
  <File Type="POSTROUTE-PHYSOPT-BUS-SKEW-PB" Name="prencoder_16to4_bus_skew_postroute_physopted.pb"/>
  <File Type="BG-BIT" Name="prencoder_16to4.bit"/>
  <File Type="POSTROUTE-PHYSOPT-BUS-SKEW-RPX" Name="prencoder_16to4_bus_skew_postroute_physopted.rpx"/>
  <File Type="BITSTR-RBT" Name="prencoder_16to4.rbt"/>
  <File Type="BITSTR-NKY" Name="prencoder_16to4.nky"/>
  <File Type="PDI-FILE" Name="prencoder_16to4.pdi"/>
  <File Type="RCFI_FILE" Name="prencoder_16to4.rcfi"/>
  <File Type="CFI_FILE" Name="prencoder_16to4.cfi"/>
  <File Type="RNPI_FILE" Name="prencoder_16to4.rnpi"/>
  <File Type="NPI_FILE" Name="prencoder_16to4.npi"/>
  <File Type="RBD_FILE" Name="prencoder_16to4.rbd"/>
  <File Type="BITSTR-LTX" Name="debug_nets.ltx"/>
  <File Type="BITSTR-LTX" Name="prencoder_16to4.ltx"/>
  <File Type="BITSTR-SYSDEF" Name="prencoder_16to4.sysdef"/>
  <File Type="BG-BGN" Name="prencoder_16to4.bgn"/>
  <File Type="BG-DRC" Name="prencoder_16to4.drc"/>
  <File Type="RDI-RDI" Name="prencoder_16to4.vdi"/>
  <File Type="WBT-USG" Name="usage_statistics_webtalk.html"/>
  <FileSet Name="sources" Type="DesignSrcs" RelSrcDir="$PSRCDIR/sources_1" RelGenDir="$PGENDIR/sources_1">
    <Filter Type="Srcs"/>
    <File Path="$PSRCDIR/sources_1/new/prencoder_16to4.vhd">
      <FileInfo>
        <Attr Name="UsedIn" Val="synthesis"/>
        <Attr Name="UsedIn" Val="simulation"/>
      </FileInfo>
    </File>
    <Config>
      <Option Name="DesignMode" Val="RTL"/>
      <Option Name="TopModule" Val="prencoder_16to4"/>
      <Option Name="TopAutoSet" Val="TRUE"/>
    </Config>
  </FileSet>
  <FileSet Name="constrs_in" Type="Constrs" RelSrcDir="$PSRCDIR/constrs_1">
    <Filter Type="Constrs"/>
    <Config>
      <Option Name="ConstrsType" Val="XDC"/>
    </Config>
  </FileSet>
  <FileSet Name="utils" Type="Utils" RelSrcDir="$PSRCDIR/utils_1">
    <Filter Type="Utils"/>
    <Config>
      <Option Name="TopAutoSet" Val="TRUE"/>
    </Config>
  </FileSet>
  <Strategy Version="1" Minor="2">
    <StratHandle Name="Vivado Implementation Defaults" Flow="Vivado Implementation 2020"/>
    <Step Id="init_design"/>
    <Step Id="opt_design"/>
    <Step Id="power_opt_design"/>
    <Step Id="place_design"/>
    <Step Id="post_place_power_opt_design"/>
    <Step Id="phys_opt_design"/>
    <Step Id="route_design"/>
    <Step Id="post_route_phys_opt_design"/>
    <Step Id="write_bitstream"/>
  </Strategy>
</GenRun>
