<?xml version="1.0" encoding="UTF-8"?>
<GenRun Id="impl_1" LaunchPart="xc7a100tcsg324-1" LaunchTime="1677491131">
  <File Type="OPT-HWDEF" Name="sig_var.hwdef"/>
  <File Type="ROUTE-BUS-SKEW" Name="sig_var_bus_skew_routed.rpt"/>
  <File Type="PA-DCP" Name="sig_var.dcp"/>
  <File Type="BITSTR-BMM" Name="sig_var_bd.bmm"/>
  <File Type="OPT-METHODOLOGY-DRC" Name="sig_var_methodology_drc_opted.rpt"/>
  <File Type="INIT-TIMING" Name="sig_var_timing_summary_init.rpt"/>
  <File Type="ROUTE-PWR" Name="sig_var_power_routed.rpt"/>
  <File Type="PA-TCL" Name="sig_var.tcl"/>
  <File Type="OPT-TIMING" Name="sig_var_timing_summary_opted.rpt"/>
  <File Type="OPT-DCP" Name="sig_var_opt.dcp"/>
  <File Type="ROUTE-PWR-SUM" Name="sig_var_power_summary_routed.pb"/>
  <File Type="REPORTS-TCL" Name="sig_var_reports.tcl"/>
  <File Type="OPT-DRC" Name="sig_var_drc_opted.rpt"/>
  <File Type="PWROPT-DCP" Name="sig_var_pwropt.dcp"/>
  <File Type="PWROPT-DRC" Name="sig_var_drc_pwropted.rpt"/>
  <File Type="PWROPT-TIMING" Name="sig_var_timing_summary_pwropted.rpt"/>
  <File Type="PLACE-DCP" Name="sig_var_placed.dcp"/>
  <File Type="PLACE-IO" Name="sig_var_io_placed.rpt"/>
  <File Type="PLACE-CLK" Name="sig_var_clock_utilization_placed.rpt"/>
  <File Type="PLACE-UTIL" Name="sig_var_utilization_placed.rpt"/>
  <File Type="PLACE-UTIL-PB" Name="sig_var_utilization_placed.pb"/>
  <File Type="PLACE-CTRL" Name="sig_var_control_sets_placed.rpt"/>
  <File Type="PLACE-SIMILARITY" Name="sig_var_incremental_reuse_placed.rpt"/>
  <File Type="PLACE-PRE-SIMILARITY" Name="sig_var_incremental_reuse_pre_placed.rpt"/>
  <File Type="PLACE-TIMING" Name="sig_var_timing_summary_placed.rpt"/>
  <File Type="POSTPLACE-PWROPT-DCP" Name="sig_var_postplace_pwropt.dcp"/>
  <File Type="BG-BIN" Name="sig_var.bin"/>
  <File Type="POSTPLACE-PWROPT-TIMING" Name="sig_var_timing_summary_postplace_pwropted.rpt"/>
  <File Type="PHYSOPT-DCP" Name="sig_var_physopt.dcp"/>
  <File Type="PHYSOPT-DRC" Name="sig_var_drc_physopted.rpt"/>
  <File Type="BITSTR-MSK" Name="sig_var.msk"/>
  <File Type="PHYSOPT-TIMING" Name="sig_var_timing_summary_physopted.rpt"/>
  <File Type="ROUTE-ERROR-DCP" Name="sig_var_routed_error.dcp"/>
  <File Type="ROUTE-DCP" Name="sig_var_routed.dcp"/>
  <File Type="ROUTE-BLACKBOX-DCP" Name="sig_var_routed_bb.dcp"/>
  <File Type="ROUTE-DRC" Name="sig_var_drc_routed.rpt"/>
  <File Type="ROUTE-DRC-PB" Name="sig_var_drc_routed.pb"/>
  <File Type="ROUTE-DRC-RPX" Name="sig_var_drc_routed.rpx"/>
  <File Type="BITSTR-MMI" Name="sig_var.mmi"/>
  <File Type="ROUTE-METHODOLOGY-DRC" Name="sig_var_methodology_drc_routed.rpt"/>
  <File Type="ROUTE-METHODOLOGY-DRC-RPX" Name="sig_var_methodology_drc_routed.rpx"/>
  <File Type="ROUTE-METHODOLOGY-DRC-PB" Name="sig_var_methodology_drc_routed.pb"/>
  <File Type="ROUTE-PWR-RPX" Name="sig_var_power_routed.rpx"/>
  <File Type="ROUTE-STATUS" Name="sig_var_route_status.rpt"/>
  <File Type="ROUTE-STATUS-PB" Name="sig_var_route_status.pb"/>
  <File Type="ROUTE-TIMINGSUMMARY" Name="sig_var_timing_summary_routed.rpt"/>
  <File Type="ROUTE-TIMING-PB" Name="sig_var_timing_summary_routed.pb"/>
  <File Type="ROUTE-TIMING-RPX" Name="sig_var_timing_summary_routed.rpx"/>
  <File Type="ROUTE-SIMILARITY" Name="sig_var_incremental_reuse_routed.rpt"/>
  <File Type="ROUTE-CLK" Name="sig_var_clock_utilization_routed.rpt"/>
  <File Type="ROUTE-BUS-SKEW-PB" Name="sig_var_bus_skew_routed.pb"/>
  <File Type="ROUTE-BUS-SKEW-RPX" Name="sig_var_bus_skew_routed.rpx"/>
  <File Type="POSTROUTE-PHYSOPT-DCP" Name="sig_var_postroute_physopt.dcp"/>
  <File Type="POSTROUTE-PHYSOPT-BLACKBOX-DCP" Name="sig_var_postroute_physopt_bb.dcp"/>
  <File Type="POSTROUTE-PHYSOPT-TIMING" Name="sig_var_timing_summary_postroute_physopted.rpt"/>
  <File Type="POSTROUTE-PHYSOPT-TIMING-PB" Name="sig_var_timing_summary_postroute_physopted.pb"/>
  <File Type="POSTROUTE-PHYSOPT-TIMING-RPX" Name="sig_var_timing_summary_postroute_physopted.rpx"/>
  <File Type="POSTROUTE-PHYSOPT-BUS-SKEW" Name="sig_var_bus_skew_postroute_physopted.rpt"/>
  <File Type="POSTROUTE-PHYSOPT-BUS-SKEW-PB" Name="sig_var_bus_skew_postroute_physopted.pb"/>
  <File Type="BG-BIT" Name="sig_var.bit"/>
  <File Type="POSTROUTE-PHYSOPT-BUS-SKEW-RPX" Name="sig_var_bus_skew_postroute_physopted.rpx"/>
  <File Type="BITSTR-RBT" Name="sig_var.rbt"/>
  <File Type="BITSTR-NKY" Name="sig_var.nky"/>
  <File Type="PDI-FILE" Name="sig_var.pdi"/>
  <File Type="RCFI_FILE" Name="sig_var.rcfi"/>
  <File Type="CFI_FILE" Name="sig_var.cfi"/>
  <File Type="RNPI_FILE" Name="sig_var.rnpi"/>
  <File Type="NPI_FILE" Name="sig_var.npi"/>
  <File Type="RBD_FILE" Name="sig_var.rbd"/>
  <File Type="BITSTR-LTX" Name="debug_nets.ltx"/>
  <File Type="BITSTR-LTX" Name="sig_var.ltx"/>
  <File Type="BITSTR-SYSDEF" Name="sig_var.sysdef"/>
  <File Type="BG-BGN" Name="sig_var.bgn"/>
  <File Type="BG-DRC" Name="sig_var.drc"/>
  <File Type="RDI-RDI" Name="sig_var.vdi"/>
  <File Type="WBT-USG" Name="usage_statistics_webtalk.html"/>
  <FileSet Name="sources" Type="DesignSrcs" RelSrcDir="$PSRCDIR/sources_1" RelGenDir="$PGENDIR/sources_1">
    <Filter Type="Srcs"/>
    <File Path="$PSRCDIR/sources_1/new/sig_var.vhd">
      <FileInfo>
        <Attr Name="UsedIn" Val="synthesis"/>
        <Attr Name="UsedIn" Val="simulation"/>
      </FileInfo>
    </File>
    <Config>
      <Option Name="DesignMode" Val="RTL"/>
      <Option Name="TopModule" Val="sig_var"/>
      <Option Name="TopAutoSet" Val="TRUE"/>
    </Config>
  </FileSet>
  <FileSet Name="constrs_in" Type="Constrs" RelSrcDir="$PSRCDIR/constrs_1">
    <Filter Type="Constrs"/>
    <Config>
      <Option Name="ConstrsType" Val="XDC"/>
    </Config>
  </FileSet>
  <FileSet Name="utils" Type="Utils" RelSrcDir="$PSRCDIR/utils_1">
    <Filter Type="Utils"/>
    <Config>
      <Option Name="TopAutoSet" Val="TRUE"/>
    </Config>
  </FileSet>
  <Strategy Version="1" Minor="2">
    <StratHandle Name="Vivado Implementation Defaults" Flow="Vivado Implementation 2020">
      <Desc>Default settings for Implementation.</Desc>
    </StratHandle>
    <Step Id="init_design"/>
    <Step Id="opt_design"/>
    <Step Id="power_opt_design"/>
    <Step Id="place_design"/>
    <Step Id="post_place_power_opt_design"/>
    <Step Id="phys_opt_design"/>
    <Step Id="route_design"/>
    <Step Id="post_route_phys_opt_design"/>
    <Step Id="write_bitstream"/>
  </Strategy>
</GenRun>
