<?xml version="1.0"?>
<Runs Version="1" Minor="0">
	<Run Id="synth_1" LaunchDir="D:/Study in SUSTech/Second semester of junior year/Digital system design/lab/lab2/exercise3/16-to-4_priority_encoder/16-to-4_priority_encoder.runs/synth_1" FlowId="Vivado_Synthesis" FromStepId="vivado" ToStepId="vivado"/>
	<Run Id="impl_1" LaunchDir="D:/Study in SUSTech/Second semester of junior year/Digital system design/lab/lab2/exercise3/16-to-4_priority_encoder/16-to-4_priority_encoder.runs/impl_1" FlowId="Vivado_Implementation" FromStepId="init_design" ToStepId="route_design">
		<Parent Id="synth_1"/>
	</Run>
	<Parameters>
		<Parameter Name="runs.monitorLSFJobs" Val="true" Type="bool"/>
		<Parameter Name="runs.enableClusterConf" Val="true" Type="bool"/>
	</Parameters>
</Runs>

