<?xml version="1.0" encoding="UTF-8"?>
<GenRun Id="impl_1" LaunchPart="xc7a100tcsg324-1" LaunchTime="1683556093">
  <File Type="BITSTR-BMM" Name="combinational_design_bd.bmm"/>
  <File Type="OPT-METHODOLOGY-DRC" Name="combinational_design_methodology_drc_opted.rpt"/>
  <File Type="INIT-TIMING" Name="combinational_design_timing_summary_init.rpt"/>
  <File Type="ROUTE-PWR" Name="combinational_design_power_routed.rpt"/>
  <File Type="PA-TCL" Name="combinational_design.tcl"/>
  <File Type="OPT-TIMING" Name="combinational_design_timing_summary_opted.rpt"/>
  <File Type="OPT-DCP" Name="combinational_design_opt.dcp"/>
  <File Type="ROUTE-PWR-SUM" Name="combinational_design_power_summary_routed.pb"/>
  <File Type="REPORTS-TCL" Name="combinational_design_reports.tcl"/>
  <File Type="OPT-DRC" Name="combinational_design_drc_opted.rpt"/>
  <File Type="OPT-HWDEF" Name="combinational_design.hwdef"/>
  <File Type="PWROPT-DCP" Name="combinational_design_pwropt.dcp"/>
  <File Type="PWROPT-DRC" Name="combinational_design_drc_pwropted.rpt"/>
  <File Type="PWROPT-TIMING" Name="combinational_design_timing_summary_pwropted.rpt"/>
  <File Type="PLACE-DCP" Name="combinational_design_placed.dcp"/>
  <File Type="PLACE-IO" Name="combinational_design_io_placed.rpt"/>
  <File Type="PLACE-CLK" Name="combinational_design_clock_utilization_placed.rpt"/>
  <File Type="PLACE-UTIL" Name="combinational_design_utilization_placed.rpt"/>
  <File Type="PLACE-UTIL-PB" Name="combinational_design_utilization_placed.pb"/>
  <File Type="PLACE-CTRL" Name="combinational_design_control_sets_placed.rpt"/>
  <File Type="PLACE-SIMILARITY" Name="combinational_design_incremental_reuse_placed.rpt"/>
  <File Type="PLACE-PRE-SIMILARITY" Name="combinational_design_incremental_reuse_pre_placed.rpt"/>
  <File Type="PLACE-TIMING" Name="combinational_design_timing_summary_placed.rpt"/>
  <File Type="POSTPLACE-PWROPT-DCP" Name="combinational_design_postplace_pwropt.dcp"/>
  <File Type="BG-BIN" Name="combinational_design.bin"/>
  <File Type="POSTPLACE-PWROPT-TIMING" Name="combinational_design_timing_summary_postplace_pwropted.rpt"/>
  <File Type="PHYSOPT-DCP" Name="combinational_design_physopt.dcp"/>
  <File Type="PHYSOPT-DRC" Name="combinational_design_drc_physopted.rpt"/>
  <File Type="BITSTR-MSK" Name="combinational_design.msk"/>
  <File Type="PHYSOPT-TIMING" Name="combinational_design_timing_summary_physopted.rpt"/>
  <File Type="ROUTE-ERROR-DCP" Name="combinational_design_routed_error.dcp"/>
  <File Type="ROUTE-DCP" Name="combinational_design_routed.dcp"/>
  <File Type="ROUTE-BLACKBOX-DCP" Name="combinational_design_routed_bb.dcp"/>
  <File Type="ROUTE-DRC" Name="combinational_design_drc_routed.rpt"/>
  <File Type="ROUTE-DRC-PB" Name="combinational_design_drc_routed.pb"/>
  <File Type="ROUTE-DRC-RPX" Name="combinational_design_drc_routed.rpx"/>
  <File Type="BITSTR-MMI" Name="combinational_design.mmi"/>
  <File Type="ROUTE-METHODOLOGY-DRC" Name="combinational_design_methodology_drc_routed.rpt"/>
  <File Type="ROUTE-METHODOLOGY-DRC-RPX" Name="combinational_design_methodology_drc_routed.rpx"/>
  <File Type="ROUTE-METHODOLOGY-DRC-PB" Name="combinational_design_methodology_drc_routed.pb"/>
  <File Type="ROUTE-PWR-RPX" Name="combinational_design_power_routed.rpx"/>
  <File Type="ROUTE-STATUS" Name="combinational_design_route_status.rpt"/>
  <File Type="ROUTE-STATUS-PB" Name="combinational_design_route_status.pb"/>
  <File Type="ROUTE-TIMINGSUMMARY" Name="combinational_design_timing_summary_routed.rpt"/>
  <File Type="ROUTE-TIMING-PB" Name="combinational_design_timing_summary_routed.pb"/>
  <File Type="ROUTE-TIMING-RPX" Name="combinational_design_timing_summary_routed.rpx"/>
  <File Type="ROUTE-SIMILARITY" Name="combinational_design_incremental_reuse_routed.rpt"/>
  <File Type="ROUTE-CLK" Name="combinational_design_clock_utilization_routed.rpt"/>
  <File Type="ROUTE-BUS-SKEW" Name="combinational_design_bus_skew_routed.rpt"/>
  <File Type="ROUTE-BUS-SKEW-PB" Name="combinational_design_bus_skew_routed.pb"/>
  <File Type="ROUTE-BUS-SKEW-RPX" Name="combinational_design_bus_skew_routed.rpx"/>
  <File Type="POSTROUTE-PHYSOPT-DCP" Name="combinational_design_postroute_physopt.dcp"/>
  <File Type="POSTROUTE-PHYSOPT-BLACKBOX-DCP" Name="combinational_design_postroute_physopt_bb.dcp"/>
  <File Type="POSTROUTE-PHYSOPT-TIMING" Name="combinational_design_timing_summary_postroute_physopted.rpt"/>
  <File Type="POSTROUTE-PHYSOPT-TIMING-PB" Name="combinational_design_timing_summary_postroute_physopted.pb"/>
  <File Type="POSTROUTE-PHYSOPT-TIMING-RPX" Name="combinational_design_timing_summary_postroute_physopted.rpx"/>
  <File Type="POSTROUTE-PHYSOPT-BUS-SKEW" Name="combinational_design_bus_skew_postroute_physopted.rpt"/>
  <File Type="POSTROUTE-PHYSOPT-BUS-SKEW-PB" Name="combinational_design_bus_skew_postroute_physopted.pb"/>
  <File Type="BG-BIT" Name="combinational_design.bit"/>
  <File Type="POSTROUTE-PHYSOPT-BUS-SKEW-RPX" Name="combinational_design_bus_skew_postroute_physopted.rpx"/>
  <File Type="BITSTR-RBT" Name="combinational_design.rbt"/>
  <File Type="BITSTR-NKY" Name="combinational_design.nky"/>
  <File Type="PDI-FILE" Name="combinational_design.pdi"/>
  <File Type="RCFI_FILE" Name="combinational_design.rcfi"/>
  <File Type="CFI_FILE" Name="combinational_design.cfi"/>
  <File Type="RNPI_FILE" Name="combinational_design.rnpi"/>
  <File Type="NPI_FILE" Name="combinational_design.npi"/>
  <File Type="RBD_FILE" Name="combinational_design.rbd"/>
  <File Type="BITSTR-LTX" Name="debug_nets.ltx"/>
  <File Type="BITSTR-LTX" Name="combinational_design.ltx"/>
  <File Type="BITSTR-SYSDEF" Name="combinational_design.sysdef"/>
  <File Type="BG-BGN" Name="combinational_design.bgn"/>
  <File Type="BG-DRC" Name="combinational_design.drc"/>
  <File Type="RDI-RDI" Name="combinational_design.vdi"/>
  <File Type="WBT-USG" Name="usage_statistics_webtalk.html"/>
  <FileSet Name="sources" Type="DesignSrcs" RelSrcDir="$PSRCDIR/sources_1" RelGenDir="$PGENDIR/sources_1">
    <Filter Type="Srcs"/>
    <File Path="$PSRCDIR/sources_1/new/combinational_design.vhd">
      <FileInfo>
        <Attr Name="UsedIn" Val="synthesis"/>
        <Attr Name="UsedIn" Val="simulation"/>
      </FileInfo>
    </File>
    <Config>
      <Option Name="DesignMode" Val="RTL"/>
      <Option Name="TopModule" Val="combinational_design"/>
      <Option Name="TopAutoSet" Val="TRUE"/>
    </Config>
  </FileSet>
  <FileSet Name="constrs_in" Type="Constrs" RelSrcDir="$PSRCDIR/constrs_1">
    <Filter Type="Constrs"/>
    <Config>
      <Option Name="ConstrsType" Val="XDC"/>
    </Config>
  </FileSet>
  <FileSet Name="utils" Type="Utils" RelSrcDir="$PSRCDIR/utils_1">
    <Filter Type="Utils"/>
    <Config>
      <Option Name="TopAutoSet" Val="TRUE"/>
    </Config>
  </FileSet>
  <Strategy Version="1" Minor="2">
    <StratHandle Name="Vivado Implementation Defaults" Flow="Vivado Implementation 2020">
      <Desc>Default settings for Implementation.</Desc>
    </StratHandle>
    <Step Id="init_design"/>
    <Step Id="opt_design"/>
    <Step Id="power_opt_design"/>
    <Step Id="place_design"/>
    <Step Id="post_place_power_opt_design"/>
    <Step Id="phys_opt_design"/>
    <Step Id="route_design"/>
    <Step Id="post_route_phys_opt_design"/>
    <Step Id="write_bitstream"/>
  </Strategy>
</GenRun>
