<?xml version="1.0" encoding="UTF-8"?>
<GenRun Id="impl_1" LaunchPart="xc7a100tcsg324-1" LaunchTime="1683600953">
  <File Type="BITSTR-BMM" Name="repetive_addition_bd.bmm"/>
  <File Type="OPT-METHODOLOGY-DRC" Name="repetive_addition_methodology_drc_opted.rpt"/>
  <File Type="INIT-TIMING" Name="repetive_addition_timing_summary_init.rpt"/>
  <File Type="ROUTE-PWR" Name="repetive_addition_power_routed.rpt"/>
  <File Type="PA-TCL" Name="repetive_addition.tcl"/>
  <File Type="OPT-TIMING" Name="repetive_addition_timing_summary_opted.rpt"/>
  <File Type="OPT-DCP" Name="repetive_addition_opt.dcp"/>
  <File Type="ROUTE-PWR-SUM" Name="repetive_addition_power_summary_routed.pb"/>
  <File Type="REPORTS-TCL" Name="repetive_addition_reports.tcl"/>
  <File Type="OPT-DRC" Name="repetive_addition_drc_opted.rpt"/>
  <File Type="OPT-HWDEF" Name="repetive_addition.hwdef"/>
  <File Type="PWROPT-DCP" Name="repetive_addition_pwropt.dcp"/>
  <File Type="PWROPT-DRC" Name="repetive_addition_drc_pwropted.rpt"/>
  <File Type="PWROPT-TIMING" Name="repetive_addition_timing_summary_pwropted.rpt"/>
  <File Type="PLACE-DCP" Name="repetive_addition_placed.dcp"/>
  <File Type="PLACE-IO" Name="repetive_addition_io_placed.rpt"/>
  <File Type="PLACE-CLK" Name="repetive_addition_clock_utilization_placed.rpt"/>
  <File Type="PLACE-UTIL" Name="repetive_addition_utilization_placed.rpt"/>
  <File Type="PLACE-UTIL-PB" Name="repetive_addition_utilization_placed.pb"/>
  <File Type="PLACE-CTRL" Name="repetive_addition_control_sets_placed.rpt"/>
  <File Type="PLACE-SIMILARITY" Name="repetive_addition_incremental_reuse_placed.rpt"/>
  <File Type="PLACE-PRE-SIMILARITY" Name="repetive_addition_incremental_reuse_pre_placed.rpt"/>
  <File Type="PLACE-TIMING" Name="repetive_addition_timing_summary_placed.rpt"/>
  <File Type="POSTPLACE-PWROPT-DCP" Name="repetive_addition_postplace_pwropt.dcp"/>
  <File Type="BG-BIN" Name="repetive_addition.bin"/>
  <File Type="POSTPLACE-PWROPT-TIMING" Name="repetive_addition_timing_summary_postplace_pwropted.rpt"/>
  <File Type="PHYSOPT-DCP" Name="repetive_addition_physopt.dcp"/>
  <File Type="PHYSOPT-DRC" Name="repetive_addition_drc_physopted.rpt"/>
  <File Type="BITSTR-MSK" Name="repetive_addition.msk"/>
  <File Type="PHYSOPT-TIMING" Name="repetive_addition_timing_summary_physopted.rpt"/>
  <File Type="ROUTE-ERROR-DCP" Name="repetive_addition_routed_error.dcp"/>
  <File Type="ROUTE-DCP" Name="repetive_addition_routed.dcp"/>
  <File Type="ROUTE-BLACKBOX-DCP" Name="repetive_addition_routed_bb.dcp"/>
  <File Type="ROUTE-DRC" Name="repetive_addition_drc_routed.rpt"/>
  <File Type="ROUTE-DRC-PB" Name="repetive_addition_drc_routed.pb"/>
  <File Type="ROUTE-DRC-RPX" Name="repetive_addition_drc_routed.rpx"/>
  <File Type="BITSTR-MMI" Name="repetive_addition.mmi"/>
  <File Type="ROUTE-METHODOLOGY-DRC" Name="repetive_addition_methodology_drc_routed.rpt"/>
  <File Type="ROUTE-METHODOLOGY-DRC-RPX" Name="repetive_addition_methodology_drc_routed.rpx"/>
  <File Type="ROUTE-METHODOLOGY-DRC-PB" Name="repetive_addition_methodology_drc_routed.pb"/>
  <File Type="ROUTE-PWR-RPX" Name="repetive_addition_power_routed.rpx"/>
  <File Type="ROUTE-STATUS" Name="repetive_addition_route_status.rpt"/>
  <File Type="ROUTE-STATUS-PB" Name="repetive_addition_route_status.pb"/>
  <File Type="ROUTE-TIMINGSUMMARY" Name="repetive_addition_timing_summary_routed.rpt"/>
  <File Type="ROUTE-TIMING-PB" Name="repetive_addition_timing_summary_routed.pb"/>
  <File Type="ROUTE-TIMING-RPX" Name="repetive_addition_timing_summary_routed.rpx"/>
  <File Type="ROUTE-SIMILARITY" Name="repetive_addition_incremental_reuse_routed.rpt"/>
  <File Type="ROUTE-CLK" Name="repetive_addition_clock_utilization_routed.rpt"/>
  <File Type="ROUTE-BUS-SKEW" Name="repetive_addition_bus_skew_routed.rpt"/>
  <File Type="ROUTE-BUS-SKEW-PB" Name="repetive_addition_bus_skew_routed.pb"/>
  <File Type="ROUTE-BUS-SKEW-RPX" Name="repetive_addition_bus_skew_routed.rpx"/>
  <File Type="POSTROUTE-PHYSOPT-DCP" Name="repetive_addition_postroute_physopt.dcp"/>
  <File Type="POSTROUTE-PHYSOPT-BLACKBOX-DCP" Name="repetive_addition_postroute_physopt_bb.dcp"/>
  <File Type="POSTROUTE-PHYSOPT-TIMING" Name="repetive_addition_timing_summary_postroute_physopted.rpt"/>
  <File Type="POSTROUTE-PHYSOPT-TIMING-PB" Name="repetive_addition_timing_summary_postroute_physopted.pb"/>
  <File Type="POSTROUTE-PHYSOPT-TIMING-RPX" Name="repetive_addition_timing_summary_postroute_physopted.rpx"/>
  <File Type="POSTROUTE-PHYSOPT-BUS-SKEW" Name="repetive_addition_bus_skew_postroute_physopted.rpt"/>
  <File Type="POSTROUTE-PHYSOPT-BUS-SKEW-PB" Name="repetive_addition_bus_skew_postroute_physopted.pb"/>
  <File Type="BG-BIT" Name="repetive_addition.bit"/>
  <File Type="POSTROUTE-PHYSOPT-BUS-SKEW-RPX" Name="repetive_addition_bus_skew_postroute_physopted.rpx"/>
  <File Type="BITSTR-RBT" Name="repetive_addition.rbt"/>
  <File Type="BITSTR-NKY" Name="repetive_addition.nky"/>
  <File Type="PDI-FILE" Name="repetive_addition.pdi"/>
  <File Type="RCFI_FILE" Name="repetive_addition.rcfi"/>
  <File Type="CFI_FILE" Name="repetive_addition.cfi"/>
  <File Type="RNPI_FILE" Name="repetive_addition.rnpi"/>
  <File Type="NPI_FILE" Name="repetive_addition.npi"/>
  <File Type="RBD_FILE" Name="repetive_addition.rbd"/>
  <File Type="BITSTR-LTX" Name="debug_nets.ltx"/>
  <File Type="BITSTR-LTX" Name="repetive_addition.ltx"/>
  <File Type="BITSTR-SYSDEF" Name="repetive_addition.sysdef"/>
  <File Type="BG-BGN" Name="repetive_addition.bgn"/>
  <File Type="BG-DRC" Name="repetive_addition.drc"/>
  <File Type="RDI-RDI" Name="repetive_addition.vdi"/>
  <File Type="WBT-USG" Name="usage_statistics_webtalk.html"/>
  <FileSet Name="sources" Type="DesignSrcs" RelSrcDir="$PSRCDIR/sources_1" RelGenDir="$PGENDIR/sources_1">
    <Filter Type="Srcs"/>
    <File Path="$PSRCDIR/sources_1/new/repetitive_addition.vhd">
      <FileInfo>
        <Attr Name="UsedIn" Val="synthesis"/>
        <Attr Name="UsedIn" Val="simulation"/>
      </FileInfo>
    </File>
    <Config>
      <Option Name="DesignMode" Val="RTL"/>
      <Option Name="TopModule" Val="repetive_addition"/>
      <Option Name="TopAutoSet" Val="TRUE"/>
    </Config>
  </FileSet>
  <FileSet Name="constrs_in" Type="Constrs" RelSrcDir="$PSRCDIR/constrs_1">
    <Filter Type="Constrs"/>
    <Config>
      <Option Name="ConstrsType" Val="XDC"/>
    </Config>
  </FileSet>
  <FileSet Name="utils" Type="Utils" RelSrcDir="$PSRCDIR/utils_1">
    <Filter Type="Utils"/>
    <Config>
      <Option Name="TopAutoSet" Val="TRUE"/>
    </Config>
  </FileSet>
  <Strategy Version="1" Minor="2">
    <StratHandle Name="Vivado Implementation Defaults" Flow="Vivado Implementation 2020">
      <Desc>Default settings for Implementation.</Desc>
    </StratHandle>
    <Step Id="init_design"/>
    <Step Id="opt_design"/>
    <Step Id="power_opt_design"/>
    <Step Id="place_design"/>
    <Step Id="post_place_power_opt_design"/>
    <Step Id="phys_opt_design"/>
    <Step Id="route_design"/>
    <Step Id="post_route_phys_opt_design"/>
    <Step Id="write_bitstream"/>
  </Strategy>
</GenRun>
