<?xml version="1.0" encoding="UTF-8"?>
<GenRun Id="synth_1" LaunchPart="xc7a100tcsg324-1" LaunchTime="1679969500">
  <File Type="PA-TCL" Name="clk_demical_counter.tcl"/>
  <File Type="RDS-PROPCONSTRS" Name="clk_demical_counter_drc_synth.rpt"/>
  <File Type="REPORTS-TCL" Name="clk_demical_counter_reports.tcl"/>
  <File Type="RDS-RDS" Name="clk_demical_counter.vds"/>
  <File Type="RDS-UTIL" Name="clk_demical_counter_utilization_synth.rpt"/>
  <File Type="RDS-UTIL-PB" Name="clk_demical_counter_utilization_synth.pb"/>
  <File Type="RDS-DCP" Name="clk_demical_counter.dcp"/>
  <File Type="VDS-TIMINGSUMMARY" Name="clk_demical_counter_timing_summary_synth.rpt"/>
  <File Type="VDS-TIMING-PB" Name="clk_demical_counter_timing_summary_synth.pb"/>
  <FileSet Name="sources" Type="DesignSrcs" RelSrcDir="$PSRCDIR/sources_1" RelGenDir="$PGENDIR/sources_1">
    <Filter Type="Srcs"/>
    <File Path="$PPRDIR/../../three_digit decimal counter/three_digi decimal counter.srcs/sources_1/new/counter_new.vhd">
      <FileInfo>
        <Attr Name="UsedIn" Val="synthesis"/>
        <Attr Name="UsedIn" Val="simulation"/>
      </FileInfo>
    </File>
    <File Path="$PPRDIR/../../three_digit decimal counter/three_digi decimal counter.srcs/sources_1/new/frequency_divider.vhd">
      <FileInfo>
        <Attr Name="UsedIn" Val="synthesis"/>
        <Attr Name="UsedIn" Val="simulation"/>
      </FileInfo>
    </File>
    <File Path="$PPRDIR/../../three_digit decimal counter/three_digi decimal counter.srcs/sources_1/new/clk_demical_counter.vhd">
      <FileInfo>
        <Attr Name="UsedIn" Val="synthesis"/>
        <Attr Name="UsedIn" Val="simulation"/>
      </FileInfo>
    </File>
    <Config>
      <Option Name="DesignMode" Val="RTL"/>
      <Option Name="TopModule" Val="clk_demical_counter"/>
      <Option Name="TopAutoSet" Val="TRUE"/>
    </Config>
  </FileSet>
  <FileSet Name="constrs_in" Type="Constrs" RelSrcDir="$PSRCDIR/constrs_1">
    <Filter Type="Constrs"/>
    <Config>
      <Option Name="ConstrsType" Val="XDC"/>
    </Config>
  </FileSet>
  <FileSet Name="utils" Type="Utils" RelSrcDir="$PSRCDIR/utils_1">
    <Filter Type="Utils"/>
    <Config>
      <Option Name="TopAutoSet" Val="TRUE"/>
    </Config>
  </FileSet>
  <Strategy Version="1" Minor="2">
    <StratHandle Name="Vivado Synthesis Defaults" Flow="Vivado Synthesis 2020"/>
    <Step Id="synth_design"/>
  </Strategy>
</GenRun>
