<?xml version="1.0" encoding="UTF-8"?>
<GenRun Id="impl_1" LaunchPart="xc7a100tcsg324-1" LaunchTime="1682195064">
  <File Type="BITSTR-BMM" Name="Fibonacci_bd.bmm"/>
  <File Type="OPT-METHODOLOGY-DRC" Name="Fibonacci_methodology_drc_opted.rpt"/>
  <File Type="INIT-TIMING" Name="Fibonacci_timing_summary_init.rpt"/>
  <File Type="ROUTE-PWR" Name="Fibonacci_power_routed.rpt"/>
  <File Type="PA-TCL" Name="Fibonacci.tcl"/>
  <File Type="OPT-TIMING" Name="Fibonacci_timing_summary_opted.rpt"/>
  <File Type="OPT-DCP" Name="Fibonacci_opt.dcp"/>
  <File Type="ROUTE-PWR-SUM" Name="Fibonacci_power_summary_routed.pb"/>
  <File Type="REPORTS-TCL" Name="Fibonacci_reports.tcl"/>
  <File Type="OPT-DRC" Name="Fibonacci_drc_opted.rpt"/>
  <File Type="OPT-HWDEF" Name="Fibonacci.hwdef"/>
  <File Type="PWROPT-DCP" Name="Fibonacci_pwropt.dcp"/>
  <File Type="PWROPT-DRC" Name="Fibonacci_drc_pwropted.rpt"/>
  <File Type="PWROPT-TIMING" Name="Fibonacci_timing_summary_pwropted.rpt"/>
  <File Type="PLACE-DCP" Name="Fibonacci_placed.dcp"/>
  <File Type="PLACE-IO" Name="Fibonacci_io_placed.rpt"/>
  <File Type="PLACE-CLK" Name="Fibonacci_clock_utilization_placed.rpt"/>
  <File Type="PLACE-UTIL" Name="Fibonacci_utilization_placed.rpt"/>
  <File Type="PLACE-UTIL-PB" Name="Fibonacci_utilization_placed.pb"/>
  <File Type="PLACE-CTRL" Name="Fibonacci_control_sets_placed.rpt"/>
  <File Type="PLACE-SIMILARITY" Name="Fibonacci_incremental_reuse_placed.rpt"/>
  <File Type="PLACE-PRE-SIMILARITY" Name="Fibonacci_incremental_reuse_pre_placed.rpt"/>
  <File Type="PLACE-TIMING" Name="Fibonacci_timing_summary_placed.rpt"/>
  <File Type="POSTPLACE-PWROPT-DCP" Name="Fibonacci_postplace_pwropt.dcp"/>
  <File Type="BG-BIN" Name="Fibonacci.bin"/>
  <File Type="POSTPLACE-PWROPT-TIMING" Name="Fibonacci_timing_summary_postplace_pwropted.rpt"/>
  <File Type="PHYSOPT-DCP" Name="Fibonacci_physopt.dcp"/>
  <File Type="PHYSOPT-DRC" Name="Fibonacci_drc_physopted.rpt"/>
  <File Type="BITSTR-MSK" Name="Fibonacci.msk"/>
  <File Type="PHYSOPT-TIMING" Name="Fibonacci_timing_summary_physopted.rpt"/>
  <File Type="ROUTE-ERROR-DCP" Name="Fibonacci_routed_error.dcp"/>
  <File Type="ROUTE-DCP" Name="Fibonacci_routed.dcp"/>
  <File Type="ROUTE-BLACKBOX-DCP" Name="Fibonacci_routed_bb.dcp"/>
  <File Type="ROUTE-DRC" Name="Fibonacci_drc_routed.rpt"/>
  <File Type="ROUTE-DRC-PB" Name="Fibonacci_drc_routed.pb"/>
  <File Type="ROUTE-DRC-RPX" Name="Fibonacci_drc_routed.rpx"/>
  <File Type="BITSTR-MMI" Name="Fibonacci.mmi"/>
  <File Type="ROUTE-METHODOLOGY-DRC" Name="Fibonacci_methodology_drc_routed.rpt"/>
  <File Type="ROUTE-METHODOLOGY-DRC-RPX" Name="Fibonacci_methodology_drc_routed.rpx"/>
  <File Type="ROUTE-METHODOLOGY-DRC-PB" Name="Fibonacci_methodology_drc_routed.pb"/>
  <File Type="ROUTE-PWR-RPX" Name="Fibonacci_power_routed.rpx"/>
  <File Type="ROUTE-STATUS" Name="Fibonacci_route_status.rpt"/>
  <File Type="ROUTE-STATUS-PB" Name="Fibonacci_route_status.pb"/>
  <File Type="ROUTE-TIMINGSUMMARY" Name="Fibonacci_timing_summary_routed.rpt"/>
  <File Type="ROUTE-TIMING-PB" Name="Fibonacci_timing_summary_routed.pb"/>
  <File Type="ROUTE-TIMING-RPX" Name="Fibonacci_timing_summary_routed.rpx"/>
  <File Type="ROUTE-SIMILARITY" Name="Fibonacci_incremental_reuse_routed.rpt"/>
  <File Type="ROUTE-CLK" Name="Fibonacci_clock_utilization_routed.rpt"/>
  <File Type="ROUTE-BUS-SKEW" Name="Fibonacci_bus_skew_routed.rpt"/>
  <File Type="ROUTE-BUS-SKEW-PB" Name="Fibonacci_bus_skew_routed.pb"/>
  <File Type="ROUTE-BUS-SKEW-RPX" Name="Fibonacci_bus_skew_routed.rpx"/>
  <File Type="POSTROUTE-PHYSOPT-DCP" Name="Fibonacci_postroute_physopt.dcp"/>
  <File Type="POSTROUTE-PHYSOPT-BLACKBOX-DCP" Name="Fibonacci_postroute_physopt_bb.dcp"/>
  <File Type="POSTROUTE-PHYSOPT-TIMING" Name="Fibonacci_timing_summary_postroute_physopted.rpt"/>
  <File Type="POSTROUTE-PHYSOPT-TIMING-PB" Name="Fibonacci_timing_summary_postroute_physopted.pb"/>
  <File Type="POSTROUTE-PHYSOPT-TIMING-RPX" Name="Fibonacci_timing_summary_postroute_physopted.rpx"/>
  <File Type="POSTROUTE-PHYSOPT-BUS-SKEW" Name="Fibonacci_bus_skew_postroute_physopted.rpt"/>
  <File Type="POSTROUTE-PHYSOPT-BUS-SKEW-PB" Name="Fibonacci_bus_skew_postroute_physopted.pb"/>
  <File Type="BG-BIT" Name="Fibonacci.bit"/>
  <File Type="POSTROUTE-PHYSOPT-BUS-SKEW-RPX" Name="Fibonacci_bus_skew_postroute_physopted.rpx"/>
  <File Type="BITSTR-RBT" Name="Fibonacci.rbt"/>
  <File Type="BITSTR-NKY" Name="Fibonacci.nky"/>
  <File Type="PDI-FILE" Name="Fibonacci.pdi"/>
  <File Type="RCFI_FILE" Name="Fibonacci.rcfi"/>
  <File Type="CFI_FILE" Name="Fibonacci.cfi"/>
  <File Type="RNPI_FILE" Name="Fibonacci.rnpi"/>
  <File Type="NPI_FILE" Name="Fibonacci.npi"/>
  <File Type="RBD_FILE" Name="Fibonacci.rbd"/>
  <File Type="BITSTR-LTX" Name="debug_nets.ltx"/>
  <File Type="BITSTR-LTX" Name="Fibonacci.ltx"/>
  <File Type="BITSTR-SYSDEF" Name="Fibonacci.sysdef"/>
  <File Type="BG-BGN" Name="Fibonacci.bgn"/>
  <File Type="BG-DRC" Name="Fibonacci.drc"/>
  <File Type="RDI-RDI" Name="Fibonacci.vdi"/>
  <File Type="WBT-USG" Name="usage_statistics_webtalk.html"/>
  <FileSet Name="sources" Type="DesignSrcs" RelSrcDir="$PSRCDIR/sources_1" RelGenDir="$PGENDIR/sources_1">
    <Filter Type="Srcs"/>
    <File Path="$PSRCDIR/sources_1/new/Fibonacci.vhd">
      <FileInfo>
        <Attr Name="UsedIn" Val="synthesis"/>
        <Attr Name="UsedIn" Val="simulation"/>
      </FileInfo>
    </File>
    <Config>
      <Option Name="DesignMode" Val="RTL"/>
      <Option Name="TopModule" Val="Fibonacci"/>
      <Option Name="TopAutoSet" Val="TRUE"/>
    </Config>
  </FileSet>
  <FileSet Name="constrs_in" Type="Constrs" RelSrcDir="$PSRCDIR/constrs_1">
    <Filter Type="Constrs"/>
    <File Path="$PSRCDIR/constrs_1/new/Fibonacci_final.xdc">
      <FileInfo>
        <Attr Name="UsedIn" Val="synthesis"/>
        <Attr Name="UsedIn" Val="implementation"/>
      </FileInfo>
    </File>
    <Config>
      <Option Name="ConstrsType" Val="XDC"/>
    </Config>
  </FileSet>
  <FileSet Name="utils" Type="Utils" RelSrcDir="$PSRCDIR/utils_1">
    <Filter Type="Utils"/>
    <Config>
      <Option Name="TopAutoSet" Val="TRUE"/>
    </Config>
  </FileSet>
  <Strategy Version="1" Minor="2">
    <StratHandle Name="Vivado Implementation Defaults" Flow="Vivado Implementation 2020">
      <Desc>Default settings for Implementation.</Desc>
    </StratHandle>
    <Step Id="init_design"/>
    <Step Id="opt_design"/>
    <Step Id="power_opt_design"/>
    <Step Id="place_design"/>
    <Step Id="post_place_power_opt_design"/>
    <Step Id="phys_opt_design"/>
    <Step Id="route_design"/>
    <Step Id="post_route_phys_opt_design"/>
    <Step Id="write_bitstream"/>
  </Strategy>
</GenRun>
